ID,Title,Desc,Email,URL,Password,ROT,key
1,Safe,Secret documents safe password,,,XNPMLAFXV44,ROT18,jaroslaw@gov.pl
2,Wife's,Wife's email password,zona.kaczynska@gov.pl,,XNPMLAFXN99,ROT13,jaroslaw@gov.pl
1,Bank,bank password,,www.pko.pl,qpz (thh,ROT47,tgieraltowski@gmail.com
2,Kebab,kebab promo password,kebab@ugreka.pl,www.kebabugreka.pl,XRONO44,ROT18,tgieraltowski@gmail.com
1,Nuclear,nuclear missiles code,,www.nukes.ru/launch.php,!&%x(xtzxhh,ROT47,putin@kgb.ru
2,Money,secret hedge fund on kayman islands,putin@hedgefund.ki,www.kaymanhedge.ki/putin.php,XNLZNAL44,ROT18,putin@kgb.ru
1,Brexit,instant brexit button password, ,www.brexit.gov.uk,q#t)x%hh,ROT47,teresa.may@gov.uk
2,Rover,range rover auto assistant password, , ,EBIRE44,ROT18,teresa.may@gov.uk
3,Cat,Cat's food storage password, , ,ZNYLFM44,ROT18,jaroslaw@gov.pl
4,Czolg,League of Legends password, ,www.leagueoflegends.eu/jaro.php,PMBYT44,ROT18,jaroslaw@gov.pl
3,Syberia,travel portal password, ,www.siberianprisonbreak.ru,FLOREVN44,ROT18,putin@kgb.ru
4,Oil Stock,stock market password, ,www.texaco.selloil.com/putin.php,FGBPXGENQRE99,ROT13,putin@kgb.ru
