id,name,email,country,city,street,houseNumber,hash
1,Thomas,tgieraltowski@gmail.com,PL,Bialystok,Zielonogorska,10,60a5d3e4100fe8afa5ee0103739a45711d50d7f3ba7280d8a95b51f5d04aa4b8
2,Dexter,dexter.morgan@mpd.gov,US,Miami,Sunset Blv,39,d90931cddac74112aa059b9104474f9cdfc500aa2572b17698f43c87bb792130
3,Teresa,teresa.may@gov.uk,UK,London,Downing Street,10,b6564e906c1723e66622e1c5c74e7bc596df7fe734979ecd37cd34aa7ca6d7e6
4,Roberto,roberto.carlos@fifa.br,BR,Rio de Janeiro,Joga Bonito Promenade,11,9795B64E113BA05B92C1F769FCBA8A0C65FAC3EA0B724D5683DED72FEC883C09
5,Vladimir,putin@kgb.ru,RUS,Moscow,Red Square,99,cdbecc8b2c517bd3e732ecafe63070260aaeced9a3ad6a307d0a35b5684b2b66
6,Rafal,rafal@tesco.com,PL,Bialsytok,Swobodna,34,890812d9674cd3032e878dad31d089fb8b0d6f0c7c127a5b35edf10a28f19e5c
7,Edward,gierek@gov.pl,PL,Warszawa,Krakowskie Przedmiescie,10,52e33edd7a64f0d82fa283ad0b7ab3c92534f7355ecaf7d648da27acc9c56713
8,Lukas,lukas@gieraltowski.biz,PL,Bialystok,Slonecznikowa,23,64c4109d70517419c2aef2eecec8814d769d6bbf9b00a6f19af5dd48f2c8de68
9,Jaroslaw,jaroslaw@gov.pl,PL,Warszawa,Dluga,12,237e9339767959b286e70040d46ee3152c15a5d5e14b985c2eec609101b067af
